longitude,latitude,light_intensity,normalized_light_intensity,country,geometry,radiance_change
123.9000024312,10.291666149000005,54.495144,0.3107141418379914,Philippines,POINT (123.9000024312 10.291666149000005),3.492114000000001
123.9208357647,10.308332815800002,81.17437,0.4587557793680569,Philippines,POINT (123.9208357647 10.308332815800002),3.8803899999999913
124.0166690988,10.308332815800002,57.74076,0.3287238962226868,Philippines,POINT (124.0166690988 10.308332815800002),-3.1241839999999996
123.9208357647,10.312499482500002,63.946327,0.3631582647640581,Philippines,POINT (123.9208357647 10.312499482500002),3.119860999999993
123.9250024314,10.312499482500002,60.040497,0.3414850172300384,Philippines,POINT (123.9250024314 10.312499482500002),-6.938759000000005
123.3875024271,12.470832833100005,79.10761,0.4472874356169437,Philippines,POINT (123.3875024271 12.470832833100005),12.229349999999997
121.0541690751,13.674999509400005,85.41672,0.482296358880209,Philippines,POINT (121.0541690751 13.674999509400005),-39.762460000000004
121.0583357418,13.674999509400005,58.432457,0.3325620869016306,Philippines,POINT (121.0583357418 13.674999509400005),-86.051763
121.0541690751,13.679166176100004,110.21462,0.6198986162810352,Philippines,POINT (121.0541690751 13.679166176100004),-30.20752999999999
121.0583357418,13.679166176100004,70.54459,0.3997716829859377,Philippines,POINT (121.0583357418 13.679166176100004),-95.23414
121.0541690751,13.683332842800002,76.32737,0.4318600284527857,Philippines,POINT (121.0541690751 13.683332842800002),3.3440000000000083
121.0583357418,13.683332842800002,57.00181,0.3246235011042961,Philippines,POINT (121.0583357418 13.683332842800002),-3.4815200000000033
121.041669075,13.754166176700004,55.951023,0.3187927386910498,Philippines,POINT (121.041669075 13.754166176700004),-8.039797
121.041669075,13.758332843400002,69.19824,0.392300856857451,Philippines,POINT (121.041669075 13.758332843400002),-11.146910000000005
121.0458357417,13.758332843400002,55.69776,0.3173873954758539,Philippines,POINT (121.0458357417 13.758332843400002),-5.588979999999999
120.541669071,14.424999515400003,61.044376,0.3470554895908949,Philippines,POINT (120.541669071 14.424999515400003),6.931373000000001
121.000002408,14.504166182700002,66.71339,0.3785125534405309,Philippines,POINT (121.000002408 14.504166182700002),-4.34559999999999
121.0041690747,14.504166182700002,84.363495,0.4764520681317591,Philippines,POINT (121.0041690747 14.504166182700002),-20.247585
121.0083357414,14.504166182700002,69.88013,0.3960846290034411,Philippines,POINT (121.0083357414 14.504166182700002),-24.01845
121.0041690747,14.508332849400002,68.71693,0.3896300926996154,Philippines,POINT (121.0041690747 14.508332849400002),-12.796669999999992
121.0083357414,14.508332849400002,81.23232,0.45907734090417,Philippines,POINT (121.0083357414 14.508332849400002),-21.472830000000002
121.0125024081,14.508332849400002,96.23416,0.5423217708424314,Philippines,POINT (121.0125024081 14.508332849400002),-12.89251999999999
121.0166690748,14.508332849400002,64.639275,0.3670033971769394,Philippines,POINT (121.0166690748 14.508332849400002),3.990195
120.9791690745,14.512499516100004,65.79092,0.3733938153867223,Philippines,POINT (120.9791690745 14.512499516100004),3.5083839999999995
120.9833357412,14.512499516100004,65.56947,0.3721650008539831,Philippines,POINT (120.9833357412 14.512499516100004),6.724712999999994
121.0083357414,14.512499516100004,67.52923,0.3830396071699954,Philippines,POINT (121.0083357414 14.512499516100004),-16.864010000000007
121.0125024081,14.512499516100004,90.183014,0.5087442763988704,Philippines,POINT (121.0125024081 14.512499516100004),-6.039686000000003
121.0166690748,14.512499516100004,67.057076,0.3804196491799709,Philippines,POINT (121.0166690748 14.512499516100004),0.5296060000000011
120.9791690745,14.516666182800002,55.516647,0.3163824088582518,Philippines,POINT (120.9791690745 14.516666182800002),-1.3109900000000039
120.9833357412,14.516666182800002,80.160614,0.4531305000478874,Philippines,POINT (120.9833357412 14.516666182800002),14.469943999999998
121.000002408,14.516666182800002,52.935722,0.302060990263039,Philippines,POINT (121.000002408 14.516666182800002),-23.977187999999998
121.0041690747,14.516666182800002,55.42821,0.3158916765447189,Philippines,POINT (121.0041690747 14.516666182800002),-10.634520000000002
121.0125024081,14.516666182800002,65.387276,0.3711540158236021,Philippines,POINT (121.0125024081 14.516666182800002),-4.817543999999998
121.0166690748,14.516666182800002,75.47367,0.4271228915523593,Philippines,POINT (121.0166690748 14.516666182800002),1.6606199999999944
121.0208357415,14.516666182800002,66.18148,0.3755610125143204,Philippines,POINT (121.0208357415 14.516666182800002),0.6464499999999873
120.6000024048,14.520832849500003,57.52034,0.3275007971063789,Philippines,POINT (120.6000024048 14.520832849500003),-5.726532000000006
120.6041690715,14.520832849500003,61.842293,0.3514830895255061,Philippines,POINT (120.6041690715 14.520832849500003),-14.258097000000006
120.9833357412,14.520832849500003,92.02978,0.5189918848855203,Philippines,POINT (120.9833357412 14.520832849500003),21.481845000000007
120.9875024079,14.520832849500003,106.866295,0.6013189349970707,Philippines,POINT (120.9875024079 14.520832849500003),33.995915
120.9916690746,14.520832849500003,116.145096,0.6528065191704501,Philippines,POINT (120.9916690746 14.520832849500003),15.001915999999994
120.9958357413,14.520832849500003,80.001884,0.4522497155331813,Philippines,POINT (120.9958357413 14.520832849500003),-6.365975999999989
121.000002408,14.520832849500003,58.34743,0.332090276500749,Philippines,POINT (121.000002408 14.520832849500003),-16.498229999999992
121.0041690747,14.520832849500003,60.078884,0.3416980246965919,Philippines,POINT (121.0041690747 14.520832849500003),-7.286441999999994
121.0083357414,14.520832849500003,53.29873,0.3040753027755727,Philippines,POINT (121.0083357414 14.520832849500003),-0.7980560000000025
121.0125024081,14.520832849500003,72.03906,0.4080644192909399,Philippines,POINT (121.0125024081 14.520832849500003),-1.7372799999999984
121.0166690748,14.520832849500003,77.671265,0.4393172319139531,Philippines,POINT (121.0166690748 14.520832849500003),4.7947850000000045
120.6041690715,14.5249995162,58.712822,0.3341178177052947,Philippines,POINT (120.6041690715 14.5249995162),-26.402288
120.9833357412,14.5249995162,68.34055,0.387541579654538,Philippines,POINT (120.9833357412 14.5249995162),-1.0694800000000129
120.9875024079,14.5249995162,111.61604,0.6276750229754192,Philippines,POINT (120.9875024079 14.5249995162),20.650784
120.9916690746,14.5249995162,140.16109,0.7860700208429585,Philippines,POINT (120.9916690746 14.5249995162),23.13955
120.9958357413,14.5249995162,90.03096,0.507900536660956,Philippines,POINT (120.9958357413 14.5249995162),3.2475099999999912
121.000002408,14.5249995162,56.36741,0.3211032484984269,Philippines,POINT (121.000002408 14.5249995162),-9.890499999999996
121.0041690747,14.5249995162,59.85285,0.3404437737862592,Philippines,POINT (121.0041690747 14.5249995162),-3.5665070000000014
121.0083357414,14.5249995162,60.100044,0.341815440436094,Philippines,POINT (121.0083357414 14.5249995162),-0.8667160000000038
121.0125024081,14.5249995162,60.109837,0.3418697812837757,Philippines,POINT (121.0125024081 14.5249995162),0.93459
120.9875024079,14.529166182900005,71.319244,0.4040701977434204,Philippines,POINT (120.9875024079 14.529166182900005),-14.817335999999997
120.9916690746,14.529166182900005,105.696785,0.594829384831418,Philippines,POINT (120.9916690746 14.529166182900005),20.709145000000007
120.9958357413,14.529166182900005,60.12949,0.3419788347586546,Philippines,POINT (120.9958357413 14.529166182900005),-2.906000000000006
120.9833357412,14.533332849600002,55.81308,0.3180273001582449,Philippines,POINT (120.9833357412 14.533332849600002),-1.0867840000000015
120.9875024079,14.533332849600002,111.34467,0.6261692049589395,Philippines,POINT (120.9875024079 14.533332849600002),-16.17764600000001
120.9916690746,14.533332849600002,141.40697,0.7929833441667296,Philippines,POINT (120.9916690746 14.533332849600002),10.185930000000013
120.9958357413,14.533332849600002,83.372604,0.4709536655074174,Philippines,POINT (120.9958357413 14.533332849600002),18.435858999999994
120.9833357412,14.537499516300002,63.34216,0.3598057735028189,Philippines,POINT (120.9833357412 14.537499516300002),0.5805700000000016
120.9875024079,14.537499516300002,103.17467,0.580834299867591,Philippines,POINT (120.9875024079 14.537499516300002),-20.928299999999993
120.9916690746,14.537499516300002,132.52429,0.7436938148207296,Philippines,POINT (120.9916690746 14.537499516300002),21.236190000000008
120.9958357413,14.537499516300002,71.8226,0.4068632940086787,Philippines,POINT (120.9958357413 14.537499516300002),9.804185999999994
121.0625024085,14.537499516300002,52.992313,0.3023750107788315,Philippines,POINT (121.0625024085 14.537499516300002),-4.245460999999999
120.9875024079,14.541666183000004,65.73986,0.3731104861022713,Philippines,POINT (120.9875024079 14.541666183000004),4.77579999999999
120.9916690746,14.541666183000004,69.31604,0.3929545229308611,Philippines,POINT (120.9916690746 14.541666183000004),16.23876
121.0583357418,14.541666183000004,55.80404,0.3179771376684008,Philippines,POINT (121.0583357418 14.541666183000004),-4.043146999999998
121.0625024085,14.541666183000004,54.194088,0.3090435977514331,Philippines,POINT (121.0625024085 14.541666183000004),-4.345031999999996
121.0583357418,14.545832849700002,57.437027,0.3270384976023551,Philippines,POINT (121.0583357418 14.545832849700002),-3.232571
121.0625024085,14.545832849700002,57.291862,0.3262329845671549,Philippines,POINT (121.0625024085 14.545832849700002),-1.3719600000000014
121.0458357417,14.549999516400003,66.34251,0.3764545596094074,Philippines,POINT (121.0458357417 14.549999516400003),-9.060603999999998
121.0500024084,14.549999516400003,103.2674,0.5813488538148518,Philippines,POINT (121.0500024084 14.549999516400003),4.841854999999995
121.0541690751,14.549999516400003,85.0034,0.480002867696322,Philippines,POINT (121.0541690751 14.549999516400003),6.9650199999999955
121.0583357418,14.549999516400003,59.739296,0.3398136685460214,Philippines,POINT (121.0583357418 14.549999516400003),1.7040020000000027
121.0083357414,14.5541661831,54.75007,0.3121287129536972,Philippines,POINT (121.0083357414 14.5541661831),4.246225000000003
121.0125024081,14.5541661831,53.69182,0.3062565387415896,Philippines,POINT (121.0125024081 14.5541661831),2.013376000000001
121.0458357417,14.5541661831,68.57218,0.3888268824778317,Philippines,POINT (121.0458357417 14.5541661831),-7.533754000000002
121.0500024084,14.5541661831,107.37886,0.6041631315243837,Philippines,POINT (121.0500024084 14.5541661831),-2.350075000000004
121.0541690751,14.5541661831,91.89519,0.5182450519753312,Philippines,POINT (121.0541690751 14.5541661831),3.3383050000000054
121.0583357418,14.5541661831,65.54477,0.3720279418385906,Philippines,POINT (121.0583357418 14.5541661831),0.1388560000000041
121.0083357414,14.558332849800005,56.646046,0.3226493851710136,Philippines,POINT (121.0083357414 14.558332849800005),5.192481999999998
121.0125024081,14.558332849800005,55.451195,0.3160192191143058,Philippines,POINT (121.0125024081 14.558332849800005),-0.3614999999999995
121.041669075,14.558332849800005,54.78657,0.3123312495553905,Philippines,POINT (121.041669075 14.558332849800005),2.0973569999999953
121.0458357417,14.558332849800005,64.615204,0.3668698284498337,Philippines,POINT (121.0458357417 14.558332849800005),-1.0825459999999936
121.0500024084,14.558332849800005,90.09972,0.5082820823248583,Philippines,POINT (121.0500024084 14.558332849800005),14.012516000000005
121.0541690751,14.558332849800005,93.79584,0.5287916599755602,Philippines,POINT (121.0541690751 14.558332849800005),10.343909999999994
121.0583357418,14.558332849800005,67.53964,0.383097371718588,Philippines,POINT (121.0583357418 14.558332849800005),3.210010000000011
121.0083357414,14.562499516500004,59.245193,0.3370719166965292,Philippines,POINT (121.0083357414 14.562499516500004),1.0038029999999978
121.0125024081,14.562499516500004,57.920605,0.3297218467742356,Philippines,POINT (121.0125024081 14.562499516500004),-6.731604999999995
121.041669075,14.562499516500004,54.528038,0.310896668933227,Philippines,POINT (121.041669075 14.562499516500004),3.0723780000000005
121.0458357417,14.562499516500004,60.56156,0.344376368717384,Philippines,POINT (121.0458357417 14.562499516500004),0.4977299999999971
121.0500024084,14.562499516500004,65.75276,0.3731820675313629,Philippines,POINT (121.0500024084 14.562499516500004),9.257129999999997
121.0541690751,14.562499516500004,57.728054,0.3286533912895056,Philippines,POINT (121.0541690751 14.562499516500004),6.026279000000002
121.0083357414,14.566666183200002,58.504368,0.3329611173006543,Philippines,POINT (121.0083357414 14.566666183200002),0.2634180000000015
121.0125024081,14.566666183200002,60.666653,0.3449595243086649,Philippines,POINT (121.0125024081 14.566666183200002),-5.352936999999997
121.0208357415,14.570832849900002,52.785194,0.3012257182197598,Philippines,POINT (121.0208357415 14.570832849900002),-5.514748000000004
121.0666690752,14.570832849900002,54.663433,0.3116479687465492,Philippines,POINT (121.0666690752 14.570832849900002),4.927862999999995
121.0625024085,14.574999516600002,57.34237,0.3265132508323144,Philippines,POINT (121.0625024085 14.574999516600002),-2.144991999999995
121.0666690752,14.574999516600002,60.935966,0.3464539281391259,Philippines,POINT (121.0666690752 14.574999516600002),3.9386209999999977
120.9833357412,14.579166183300003,59.98565,0.3411806740795433,Philippines,POINT (120.9833357412 14.579166183300003),0.01885300000000001
120.9708357411,14.58333285,102.83568,0.5789532619879195,Philippines,POINT (120.9708357411 14.58333285),29.168374999999997
120.9750024078,14.58333285,64.41501,0.3657589623556039,Philippines,POINT (120.9750024078 14.58333285),7.585149999999999
120.9791690745,14.58333285,56.63384,0.3225816547118281,Philippines,POINT (120.9791690745 14.58333285),-2.0307030000000026
120.9833357412,14.58333285,68.57643,0.388850465506796,Philippines,POINT (120.9833357412 14.58333285),-2.9646159999999924
120.9875024079,14.58333285,58.0035,0.330181826817999,Philippines,POINT (120.9875024079 14.58333285),6.756872000000001
121.0625024085,14.58333285,53.880863,0.307305528516765,Philippines,POINT (121.0625024085 14.58333285),-11.521127
120.9625024077,14.587499516700005,60.545494,0.3442872193189509,Philippines,POINT (120.9625024077 14.587499516700005),6.052990000000001
120.9666690744,14.587499516700005,110.65921,0.6223656230686193,Philippines,POINT (120.9666690744 14.587499516700005),26.597336
120.9708357411,14.587499516700005,104.594894,0.588715048980009,Philippines,POINT (120.9708357411 14.587499516700005),28.861487999999994
120.9833357412,14.587499516700005,78.4608,0.4436983205664988,Philippines,POINT (120.9833357412 14.587499516700005),16.892353000000007
121.0625024085,14.587499516700005,58.443157,0.3326214606451407,Philippines,POINT (121.0625024085 14.587499516700005),-2.5699460000000016
120.9666690744,14.591666183400005,82.78556,0.4676961888826383,Philippines,POINT (120.9666690744 14.591666183400005),16.36537
120.9708357411,14.591666183400005,63.857895,0.3626675601952652,Philippines,POINT (120.9708357411 14.591666183400005),6.0079080000000005
120.9458357409,14.595832850100004,108.99162,0.6131122528873119,Philippines,POINT (120.9458357409 14.595832850100004),23.714669999999998
120.9500024076,14.595832850100004,121.539566,0.682740152642681,Philippines,POINT (120.9500024076 14.595832850100004),7.798945999999987
120.9500024076,14.599999516800002,153.39136,0.859484100987746,Philippines,POINT (120.9500024076 14.599999516800002),11.102919999999983
120.9541690743,14.599999516800002,178.71434,1.0,Philippines,POINT (120.9541690743 14.599999516800002),57.564949999999996
120.958335741,14.599999516800002,101.83954,0.57342573293557,Philippines,POINT (120.958335741 14.599999516800002),34.43954599999999
120.9625024077,14.599999516800002,60.193108,0.342331847731984,Philippines,POINT (120.9625024077 14.599999516800002),0.10665600000000097
120.9666690744,14.599999516800002,52.609257,0.3002494529569622,Philippines,POINT (120.9666690744 14.599999516800002),1.1181640000000002
120.958335741,14.604166183500002,101.660835,0.5724341081847316,Philippines,POINT (120.958335741 14.604166183500002),31.753265
120.9625024077,14.604166183500002,81.38669,0.4599339320056329,Philippines,POINT (120.9625024077 14.604166183500002),7.811810000000008
120.9666690744,14.604166183500002,62.440346,0.3548016545187247,Philippines,POINT (120.9666690744 14.604166183500002),4.365496
120.9500024076,14.608332850200004,69.91297,0.3962668564554852,Philippines,POINT (120.9500024076 14.608332850200004),-3.972769999999997
120.958335741,14.608332850200004,63.18097,0.3589113385760534,Philippines,POINT (120.958335741 14.608332850200004),-7.782879999999992
120.9625024077,14.608332850200004,72.69195,0.4116872719451738,Philippines,POINT (120.9625024077 14.608332850200004),0.34426000000000556
120.958335741,14.612499516900002,86.06032,0.4858676618076009,Philippines,POINT (120.958335741 14.612499516900002),-3.470169999999996
120.9625024077,14.612499516900002,61.57357,0.3499919595743602,Philippines,POINT (120.9625024077 14.612499516900002),-5.518800000000006
120.958335741,14.616666183600003,90.95021,0.5130014071022317,Philippines,POINT (120.958335741 14.616666183600003),1.9885249999999957
120.9625024077,14.616666183600003,57.60545,0.3279730680699438,Philippines,POINT (120.9625024077 14.616666183600003),1.2941099999999963
121.0541690751,14.620832850300005,53.87277,0.3072606208806691,Philippines,POINT (121.0541690751 14.620832850300005),-6.877367
120.9666690744,14.754166184700004,62.404034,0.3546001611192539,Philippines,POINT (120.9666690744 14.754166184700004),7.072831000000001
120.1000024008,16.124999529000004,63.61193,0.3613027132025121,Philippines,POINT (120.1000024008 16.124999529000004),4.254344000000003
120.4083357366,22.4916662466,80.646805,0.3130580218289081,Taiwan,POINT (120.4083357366 22.4916662466),-3.7403850000000034
120.4125024033,22.4916662466,78.73789,0.3056479185552628,Taiwan,POINT (120.4125024033 22.4916662466),-7.700840000000014
120.4083357366,22.4958329133,80.118004,0.3110053007694545,Taiwan,POINT (120.4083357366 22.4958329133),-2.8021619999999956
120.4125024033,22.4958329133,92.117546,0.3575856070986749,Taiwan,POINT (120.4125024033 22.4958329133),-5.937184000000002
120.4125024033,22.49999958,82.68296,0.3209620504688156,Taiwan,POINT (120.4125024033 22.49999958),1.0009099999999904
120.3583357362,22.5291662469,82.1127,0.3187483921902496,Taiwan,POINT (120.3583357362 22.5291662469),-0.45847499999999286
120.3625024029,22.5291662469,79.54038,0.3087630566185436,Taiwan,POINT (120.3625024029 22.5291662469),3.3566199999999924
120.3458357361,22.5333329136,80.43,0.3122164194316077,Taiwan,POINT (120.3458357361 22.5333329136),-1.5371899999999954
120.3583357362,22.5333329136,80.56149,0.3127268426193618,Taiwan,POINT (120.3583357362 22.5333329136),2.3540899999999993
120.3625024029,22.5333329136,81.9011,0.3179269947719762,Taiwan,POINT (120.3625024029 22.5333329136),0.12896999999999537
120.3291690693,22.5374995803,103.6058,0.4021811750385088,Taiwan,POINT (120.3291690693 22.5374995803),7.498100000000008
120.333335736,22.5374995803,85.40041,0.3315107575306634,Taiwan,POINT (120.333335736 22.5374995803),3.1439299999999974
120.3458357361,22.5374995803,89.09187,0.3458404159127971,Taiwan,POINT (120.3458357361 22.5374995803),9.122524999999996
120.3500024028,22.5374995803,90.43623,0.3510590068070787,Taiwan,POINT (120.3500024028 22.5374995803),12.65097999999999
120.3541690695,22.5374995803,94.41718,0.3665124191524258,Taiwan,POINT (120.3541690695 22.5374995803),11.431170000000009
120.3583357362,22.5374995803,98.4817,0.3822902368959065,Taiwan,POINT (120.3583357362 22.5374995803),7.102730000000008
120.3625024029,22.5374995803,83.7986,0.3252927868380146,Taiwan,POINT (120.3625024029 22.5374995803),6.833439999999996
120.3250024026,22.541666247,102.69916,0.3986617433026705,Taiwan,POINT (120.3250024026 22.541666247),-2.42833499999999
120.3291690693,22.541666247,123.15262,0.4780588096484073,Taiwan,POINT (120.3291690693 22.541666247),17.548010000000005
120.3458357361,22.541666247,83.16101,0.3228177642486152,Taiwan,POINT (120.3458357361 22.541666247),6.822680000000005
120.3500024028,22.541666247,92.523544,0.3591616265175035,Taiwan,POINT (120.3500024028 22.541666247),3.7254939999999976
120.3541690695,22.541666247,100.71213,0.3909484100700062,Taiwan,POINT (120.3541690695 22.541666247),8.138180000000006
120.3583357362,22.541666247,99.79011,0.3873692756295694,Taiwan,POINT (120.3583357362 22.541666247),17.487505
120.3250024026,22.5458329137,108.62098,0.4216493031300792,Taiwan,POINT (120.3250024026 22.5458329137),6.224595000000008
120.3291690693,22.5458329137,96.96354,0.3763969821486195,Taiwan,POINT (120.3291690693 22.5458329137),10.282753999999997
120.3541690695,22.5458329137,87.12325,0.3381985473609948,Taiwan,POINT (120.3541690695 22.5458329137),8.712239999999994
120.3166690692,22.5541662471,88.532036,0.3436672297017306,Taiwan,POINT (120.3166690692 22.5541662471),-7.104903999999991
120.3125024025,22.5583329138,111.95805,0.4346032761102189,Taiwan,POINT (120.3125024025 22.5583329138),-8.073734000000002
120.3166690692,22.5583329138,131.25444,0.5095087814410143,Taiwan,POINT (120.3166690692 22.5583329138),-5.0611100000000135
120.3083357358,22.5624995805,89.21018,0.3462996764447248,Taiwan,POINT (120.3083357358 22.5624995805),1.8028159999999929
120.3125024025,22.5624995805,103.138084,0.4003655761968965,Taiwan,POINT (120.3125024025 22.5624995805),19.537524000000005
120.3041690691,22.5666662472,84.38534,0.3275704178455654,Taiwan,POINT (120.3041690691 22.5666662472),-6.69229
120.3083357358,22.5666662472,110.18046,0.4277029555206698,Taiwan,POINT (120.3083357358 22.5666662472),18.569869999999995
120.3416690694,22.5666662472,78.164345,0.3034215084311437,Taiwan,POINT (120.3416690694 22.5666662472),-2.991050999999999
120.3458357361,22.5666662472,77.96375,0.3026428306659331,Taiwan,POINT (120.3458357361 22.5666662472),-1.1859599999999944
120.3041690691,22.5708329139,84.01487,0.3261323124507272,Taiwan,POINT (120.3041690691 22.5708329139),0.05601000000000056
120.3375024027,22.5708329139,82.40351,0.3198772701827263,Taiwan,POINT (120.3375024027 22.5708329139),4.618560000000002
120.3416690694,22.5708329139,102.280975,0.397038415895484,Taiwan,POINT (120.3416690694 22.5708329139),6.6335049999999995
120.3458357361,22.5708329139,100.53004,0.3902415657604911,Taiwan,POINT (120.3458357361 22.5708329139),14.797359999999998
120.3041690691,22.6124995809,98.66909,0.383017654959282,Taiwan,POINT (120.3041690691 22.6124995809),6.549155999999996
120.3083357358,22.6124995809,87.44756,0.3394574670052304,Taiwan,POINT (120.3083357358 22.6124995809),4.5141339999999985
120.3041690691,22.6166662476,99.14364,0.384859782297853,Taiwan,POINT (120.3041690691 22.6166662476),7.977654999999999
120.3000024024,22.6208329143,93.88424,0.3644436311557593,Taiwan,POINT (120.3000024024 22.6208329143),5.812104000000005
120.3041690691,22.6208329143,88.7288,0.3444310361365564,Taiwan,POINT (120.3041690691 22.6208329143),6.050340000000006
120.2958357357,22.624999581,89.400925,0.347040118082478,Taiwan,POINT (120.2958357357 22.624999581),1.2022249999999985
120.3000024024,22.624999581,94.530205,0.3669511641580985,Taiwan,POINT (120.3000024024 22.624999581),4.655985000000001
120.3041690691,22.624999581,86.263435,0.3348608827995925,Taiwan,POINT (120.3041690691 22.624999581),2.744429999999994
120.291669069,22.6291662477,82.288376,0.3194303383757533,Taiwan,POINT (120.291669069 22.6291662477),1.9349160000000012
120.2958357357,22.6291662477,103.94914,0.403513966104624,Taiwan,POINT (120.2958357357 22.6291662477),3.3466899999999953
120.3000024024,22.6291662477,105.13368,0.4081121612740075,Taiwan,POINT (120.3000024024 22.6291662477),5.270344999999992
120.3041690691,22.6291662477,96.70245,0.3753834724513747,Taiwan,POINT (120.3041690691 22.6291662477),6.165980000000005
120.3083357358,22.6291662477,81.652596,0.3169623419173892,Taiwan,POINT (120.3083357358 22.6291662477),5.687415999999999
120.2958357357,22.6333329144,103.34335,0.4011623860383866,Taiwan,POINT (120.2958357357 22.6333329144),14.226839999999996
120.3000024024,22.6333329144,107.63212,0.417810706480581,Taiwan,POINT (120.3000024024 22.6333329144),6.944124000000002
120.3041690691,22.6333329144,100.878296,0.3915934399537719,Taiwan,POINT (120.3041690691 22.6333329144),2.732746000000006
120.3000024024,22.6374995811,95.559395,0.3709463154289528,Taiwan,POINT (120.3000024024 22.6374995811),14.226434999999995
120.3041690691,22.6374995811,100.05345,0.388391519467604,Taiwan,POINT (120.3041690691 22.6374995811),15.513689999999997
120.3375024027,22.6958329149,94.80353,0.3680121681720378,Taiwan,POINT (120.3375024027 22.6958329149),-7.939779999999999
120.333335736,22.6999995816,109.10852,0.4235418555748099,Taiwan,POINT (120.333335736 22.6999995816),12.092659999999995
120.3375024027,22.6999995816,149.40141,0.5799524218355537,Taiwan,POINT (120.3375024027 22.6999995816),18.251509999999996
120.3416690694,22.6999995816,116.24689,0.4512518682812378,Taiwan,POINT (120.3416690694 22.6999995816),25.43016999999999
120.3375024027,22.7041662483,94.617096,0.367288461148038,Taiwan,POINT (120.3375024027 22.7041662483),12.296051000000006
120.2250024018,22.9749995838,84.802185,0.3291885435866815,Taiwan,POINT (120.2250024018 22.9749995838),7.0973849999999885
120.1875024015,22.9791662505,80.929085,0.3141537877231907,Taiwan,POINT (120.1875024015 22.9791662505),4.036949000000007
120.1916690682,22.9791662505,84.80237,0.3291892617271464,Taiwan,POINT (120.1916690682 22.9791662505),3.6666000000000025
120.1958357349,22.9791662505,92.65299,0.3596641152235802,Taiwan,POINT (120.1958357349 22.9791662505),7.626750000000001
120.2000024016,22.9791662505,94.57609,0.3671292824026044,Taiwan,POINT (120.2000024016 22.9791662505),13.365409999999997
120.2250024018,22.9791662505,88.10108,0.3419943273114214,Taiwan,POINT (120.2250024018 22.9791662505),7.0014599999999945
120.2291690685,22.9791662505,90.05476,0.3495782011683795,Taiwan,POINT (120.2291690685 22.9791662505),8.616794999999996
120.1875024015,22.9833329172,86.050896,0.3340358403332295,Taiwan,POINT (120.1875024015 22.9833329172),4.661245999999991
120.1916690682,22.9833329172,91.413956,0.3548543830461088,Taiwan,POINT (120.1916690682 22.9833329172),6.606245999999999
120.1958357349,22.9833329172,94.026,0.3649939208439182,Taiwan,POINT (120.1958357349 22.9833329172),5.502459999999999
120.2000024016,22.9833329172,84.98131,0.3298838782395558,Taiwan,POINT (120.2000024016 22.9833329172),4.588939999999994
120.2125024017,22.9833329172,81.63006,0.3168748607632389,Taiwan,POINT (120.2125024017 22.9833329172),1.4221359999999947
120.2166690684,22.9833329172,83.94662,0.3258673768467709,Taiwan,POINT (120.2166690684 22.9833329172),5.148699999999991
120.2208357351,22.9833329172,81.26507,0.3154580278535243,Taiwan,POINT (120.2208357351 22.9833329172),5.134180000000001
120.2250024018,22.9833329172,83.32852,0.3234680113258126,Taiwan,POINT (120.2250024018 22.9833329172),6.342429999999993
120.2291690685,22.9833329172,83.2642,0.3232183313544358,Taiwan,POINT (120.2291690685 22.9833329172),6.999510000000001
120.1875024015,22.9874995839,85.48058,0.3318219646716038,Taiwan,POINT (120.1875024015 22.9874995839),3.899365000000003
120.1916690682,22.9874995839,99.865524,0.3876620207378004,Taiwan,POINT (120.1916690682 22.9874995839),5.259589999999989
120.1958357349,22.9874995839,106.588615,0.413759986665102,Taiwan,POINT (120.1958357349 22.9874995839),-0.934474999999992
120.2000024016,22.9874995839,92.34846,0.3584819783814876,Taiwan,POINT (120.2000024016 22.9874995839),-9.28743
120.208335735,22.9874995839,77.28392,0.3000038391401071,Taiwan,POINT (120.208335735 22.9874995839),-2.366890000000012
120.2125024017,22.9874995839,84.78667,0.3291283168336356,Taiwan,POINT (120.2125024017 22.9874995839),1.1975050000000067
120.2166690684,22.9874995839,79.22376,0.3075339883266073,Taiwan,POINT (120.2166690684 22.9874995839),2.7150239999999997
120.1791690681,22.9916662506,79.890366,0.3101216463956316,Taiwan,POINT (120.1791690681 22.9916662506),3.9412559999999957
120.1833357348,22.9916662506,80.95546,0.3142561712624486,Taiwan,POINT (120.1833357348 22.9916662506),3.413110000000003
120.1875024015,22.9916662506,87.48752,0.3396125853456567,Taiwan,POINT (120.1875024015 22.9916662506),-0.29048999999999126
120.1916690682,22.9916662506,111.710045,0.433640560293967,Taiwan,POINT (120.1916690682 22.9916662506),5.7882649999999956
120.1958357349,22.9916662506,128.54515,0.4989917501964308,Taiwan,POINT (120.1958357349 22.9916662506),3.2338860000000125
120.2000024016,22.9916662506,120.19268,0.4665687951198434,Taiwan,POINT (120.2000024016 22.9916662506),0.9603499999999912
120.2041690683,22.9916662506,102.46063,0.3977358079237444,Taiwan,POINT (120.2041690683 22.9916662506),4.351659999999995
120.208335735,22.9916662506,95.160545,0.3693980434049531,Taiwan,POINT (120.208335735 22.9916662506),3.6496350000000035
120.2125024017,22.9916662506,90.98381,0.3531846249464839,Taiwan,POINT (120.2125024017 22.9916662506),3.5710900000000123
120.2333357352,22.9916662506,83.72371,0.3250020758141276,Taiwan,POINT (120.2333357352 22.9916662506),7.1358649999999955
120.1791690681,22.9958329173,79.38276,0.3081512009424176,Taiwan,POINT (120.1791690681 22.9958329173),-2.1680750000000018
120.1833357348,22.9958329173,88.376816,0.3430646904424471,Taiwan,POINT (120.1833357348 22.9958329173),-3.685053999999994
120.1875024015,22.9958329173,98.84818,0.383712853747744,Taiwan,POINT (120.1875024015 22.9958329173),-2.394760000000005
120.1916690682,22.9958329173,108.75891,0.4221847253696938,Taiwan,POINT (120.1916690682 22.9958329173),5.714089999999999
120.1958357349,22.9958329173,118.908966,0.461585622315489,Taiwan,POINT (120.1958357349 22.9958329173),2.488151000000002
120.2000024016,22.9958329173,123.78175,0.4805009918684372,Taiwan,POINT (120.2000024016 22.9958329173),6.7318500000000085
120.2041690683,22.9958329173,113.3826,0.4401331517822479,Taiwan,POINT (120.2041690683 22.9958329173),6.696213999999998
120.208335735,22.9958329173,101.72159,0.3948669726307352,Taiwan,POINT (120.208335735 22.9958329173),3.3944639999999993
120.2125024017,22.9958329173,92.037025,0.3572730374317713,Taiwan,POINT (120.2125024017 22.9958329173),4.494344999999996
120.2166690684,22.9958329173,78.609184,0.3051483024110459,Taiwan,POINT (120.2166690684 22.9958329173),2.3735240000000033
120.2333357352,22.9958329173,81.35253,0.3157975336106235,Taiwan,POINT (120.2333357352 22.9958329173),4.490340000000003
120.1791690681,22.999999584,81.29465,0.3155728526911071,Taiwan,POINT (120.1791690681 22.999999584),4.572510000000008
120.1833357348,22.999999584,98.92301,0.38400333186121,Taiwan,POINT (120.1833357348 22.999999584),2.7312760000000083
120.1875024015,22.999999584,106.76074,0.4144281484355193,Taiwan,POINT (120.1875024015 22.999999584),7.411460000000005
120.1916690682,22.999999584,103.22921,0.4007193127807225,Taiwan,POINT (120.1916690682 22.999999584),11.095344999999995
120.1958357349,22.999999584,107.803024,0.4184741285239297,Taiwan,POINT (120.1958357349 22.999999584),8.436263999999994
120.2000024016,22.999999584,114.56077,0.4447066196285956,Taiwan,POINT (120.2000024016 22.999999584),8.320765000000009
120.2041690683,22.999999584,108.31702,0.4204693789369867,Taiwan,POINT (120.2041690683 22.999999584),10.140383999999997
120.208335735,22.999999584,98.95723,0.3841361684380215,Taiwan,POINT (120.208335735 22.999999584),7.037559999999999
120.2125024017,22.999999584,89.49759,0.3474153561800082,Taiwan,POINT (120.2125024017 22.999999584),7.651859999999999
120.1833357348,23.0041662507,84.11588,0.3265244171445826,Taiwan,POINT (120.1833357348 23.0041662507),-0.43103999999999587
120.1875024015,23.0041662507,99.896805,0.3877834485858203,Taiwan,POINT (120.1875024015 23.0041662507),8.341255000000004
120.1916690682,23.0041662507,91.41852,0.3548720997654708,Taiwan,POINT (120.1916690682 23.0041662507),10.492945000000006
120.1958357349,23.0041662507,89.47252,0.3473180384424084,Taiwan,POINT (120.1958357349 23.0041662507),5.875214999999997
120.2000024016,23.0041662507,91.34594,0.3545903557927946,Taiwan,POINT (120.2000024016 23.0041662507),6.827163999999996
120.2041690683,23.0041662507,88.840904,0.3448662059672658,Taiwan,POINT (120.2041690683 23.0041662507),8.583513999999994
120.208335735,23.0041662507,85.387535,0.3314607788361443,Taiwan,POINT (120.208335735 23.0041662507),6.349541000000002
120.2041690683,23.0124995841,82.77056,0.321302099683564,Taiwan,POINT (120.2041690683 23.0124995841),6.210980000000006
120.1916690682,23.0249995842,77.62348,0.3013219568496955,Taiwan,POINT (120.1916690682 23.0249995842),-0.6509700000000009
120.4083357366,23.8999995912,85.76418,0.3329228545951498,Taiwan,POINT (120.4083357366 23.8999995912),7.729010000000002
120.4125024033,23.8999995912,82.633,0.3207681137248792,Taiwan,POINT (120.4125024033 23.8999995912),3.6440860000000015
120.4083357366,23.9041662579,84.902885,0.329579444910028,Taiwan,POINT (120.4083357366 23.9041662579),7.294605000000004
120.4125024033,23.9041662579,86.96432,0.3375816064740091,Taiwan,POINT (120.4125024033 23.9041662579),4.974959999999996
120.5083357374,23.9124995913,87.70115,0.3404418628998426,Taiwan,POINT (120.5083357374 23.9124995913),-4.888630000000006
120.5125024041,23.9124995913,101.770386,0.395056390912503,Taiwan,POINT (120.5125024041 23.9124995913),-6.358243999999999
120.5166690708,23.9124995913,90.866425,0.3527289551168808,Taiwan,POINT (120.5166690708 23.9124995913),-10.642274999999998
120.5208357375,23.9124995913,82.82672,0.3215201038376766,Taiwan,POINT (120.5208357375 23.9124995913),-12.606020000000001
120.5083357374,23.916666258,90.802,0.3524788675522671,Taiwan,POINT (120.5083357374 23.916666258),0.4990750000000048
120.5125024041,23.916666258,93.39555,0.362546614594625,Taiwan,POINT (120.5125024041 23.916666258),-5.358509999999995
120.5166690708,23.916666258,82.04017,0.3184668423095909,Taiwan,POINT (120.5166690708 23.916666258),-6.735914999999991
120.5083357374,23.9208329247,87.47533,0.3395652657117779,Taiwan,POINT (120.5083357374 23.9208329247),4.381175999999996
120.5125024041,23.9208329247,92.61326,0.3595098897064346,Taiwan,POINT (120.5125024041 23.9208329247),5.096090000000004
120.5125024041,23.9249995914,78.83018,0.3060061736012574,Taiwan,POINT (120.5125024041 23.9249995914),0.8972040000000021
120.6875024055,24.1374995931,85.57214,0.3321773859741422,Taiwan,POINT (120.6875024055 24.1374995931),-2.1335499999999996
120.6916690722,24.1374995931,80.98645,0.3143764694949263,Taiwan,POINT (120.6916690722 24.1374995931),2.924599999999998
120.6875024055,24.1416662598,78.87346,0.306174179651649,Taiwan,POINT (120.6875024055 24.1416662598),-3.7505000000000024
120.6750024054,24.1458329265,80.15149,0.3111352880754483,Taiwan,POINT (120.6750024054 24.1458329265),3.413659999999993
120.6791690721,24.1458329265,85.88574,0.3333947311082184,Taiwan,POINT (120.6791690721 24.1458329265),3.6302900000000022
120.6375024051,24.16666626,77.791664,0.3019748202872895,Taiwan,POINT (120.6375024051 24.16666626),-0.9699559999999963
120.6375024051,24.1708329267,84.61407,0.3284583111890515,Taiwan,POINT (120.6375024051 24.1708329267),2.375950000000003
120.6333357384,24.1749995934,77.92969,0.3025106151835778,Taiwan,POINT (120.6333357384 24.1749995934),0.3805099999999868
120.6375024051,24.1749995934,81.291245,0.3155596350247119,Taiwan,POINT (120.6375024051 24.1749995934),3.747034999999997
121.2208357431,24.9541662663,78.29763,0.3039388995223279,Taiwan,POINT (121.2208357431 24.9541662663),-3.798870000000008
121.2250024098,24.9541662663,82.93485,0.3219398472348311,Taiwan,POINT (121.2250024098 24.9541662663),1.570309999999992
121.2208357431,24.958332933,90.60532,0.3517153871920307,Taiwan,POINT (121.2208357431 24.958332933),-5.705639999999988
121.2250024098,24.958332933,86.341125,0.3351624629764624,Taiwan,POINT (121.2250024098 24.958332933),1.7873909999999995
121.2208357431,24.9624995997,79.68389,0.3093201395273168,Taiwan,POINT (121.2208357431 24.9624995997),-4.931314
121.5666690792,25.0333329336,101.058014,0.3922910765379744,Taiwan,POINT (121.5666690792 25.0333329336),-29.73278599999999
121.5708357459,25.0333329336,91.79657,0.3563396295101695,Taiwan,POINT (121.5708357459 25.0333329336),-8.31855999999999
121.5666690792,25.0374996003,108.98339,0.4230561208916882,Taiwan,POINT (121.5666690792 25.0374996003),-26.123830000000012
121.5708357459,25.0374996003,88.48587,0.343488020660086,Taiwan,POINT (121.5708357459 25.0374996003),-20.107929999999996
121.5083357454,25.041666267,97.7362,0.3793963249142297,Taiwan,POINT (121.5083357454 25.041666267),-5.819410000000005
121.5125024121,25.041666267,87.64501,0.340223936382537,Taiwan,POINT (121.5125024121 25.041666267),0.8969299999999976
121.5083357454,25.0458329337,98.52784,0.382469345009702,Taiwan,POINT (121.5083357454 25.0458329337),-0.48493000000000563
121.5125024121,25.0458329337,95.56883,0.3709829405926646,Taiwan,POINT (121.5125024121 25.0458329337),2.618940000000009
121.5166690788,25.0458329337,88.338165,0.3429146534310403,Taiwan,POINT (121.5166690788 25.0458329337),-1.3345549999999946
121.5208357455,25.0458329337,83.56456,0.3243842809222647,Taiwan,POINT (121.5208357455 25.0458329337),2.4887999999999977
121.5083357454,25.0499996004,84.66217,0.328645027709935,Taiwan,POINT (121.5083357454 25.0499996004),-5.304769999999991
121.5125024121,25.0499996004,95.2483,0.3697386943049559,Taiwan,POINT (121.5125024121 25.0499996004),-9.041889999999995
121.5166690788,25.0499996004,96.57317,0.3748816281307964,Taiwan,POINT (121.5166690788 25.0499996004),-2.80140999999999
121.5208357455,25.0499996004,92.167915,0.3577811315153147,Taiwan,POINT (121.5208357455 25.0499996004),3.3982349999999997
121.5250024122,25.0499996004,87.36091,0.3391211055388155,Taiwan,POINT (121.5250024122 25.0499996004),-1.3338600000000014
121.5291690789,25.0499996004,86.2522,0.334817270323249,Taiwan,POINT (121.5291690789 25.0499996004),1.2129800000000017
121.5333357456,25.0499996004,80.91562,0.3141015187428644,Taiwan,POINT (121.5333357456 25.0499996004),1.8553399999999982
121.5708357459,25.0499996004,78.4291,0.304449245073275,Taiwan,POINT (121.5708357459 25.0499996004),-1.4947499999999962
121.5750024126,25.0499996004,78.54112,0.3048840888293949,Taiwan,POINT (121.5750024126 25.0499996004),-2.6399399999999957
121.5125024121,25.0541662671,82.81614,0.321479033966763,Taiwan,POINT (121.5125024121 25.0541662671),-23.05923399999999
121.5166690788,25.0541662671,83.00667,0.3222186410088405,Taiwan,POINT (121.5166690788 25.0541662671),-13.36448
121.5208357455,25.0541662671,80.78739,0.3136037503546546,Taiwan,POINT (121.5208357455 25.0541662671),-0.2947499999999934
121.5250024122,25.0541662671,78.30575,0.3039704200659781,Taiwan,POINT (121.5250024122 25.0541662671),-1.8867899999999906
121.5750024126,25.0541662671,77.74368,0.3017885540598867,Taiwan,POINT (121.5750024126 25.0541662671),-0.04994500000000812
121.5791690793,25.0541662671,77.48663,0.3007907269976601,Taiwan,POINT (121.5791690793 25.0541662671),-3.5648399999999896
121.4875024119,25.0583329338,87.850525,0.3410217128022745,Taiwan,POINT (121.4875024119 25.0583329338),10.085251
121.2333357432,25.0708329339,89.76592,0.3484569704013943,Taiwan,POINT (121.2333357432 25.0708329339),-22.224444000000005
121.2291690765,25.0749996006,112.65082,0.437292498650187,Taiwan,POINT (121.2291690765 25.0749996006),27.111254000000002
121.2333357432,25.0749996006,189.42072,0.7353009942130687,Taiwan,POINT (121.2333357432 25.0749996006),26.881959999999992
121.2375024099,25.0749996006,196.1805,0.7615413809810085,Taiwan,POINT (121.2375024099 25.0749996006),15.087510000000009
121.2416690766,25.0749996006,138.47475,0.537536872145804,Taiwan,POINT (121.2416690766 25.0749996006),1.3468200000000081
121.2291690765,25.0791662673,99.377426,0.3857673022261539,Taiwan,POINT (121.2291690765 25.0791662673),23.248406000000003
121.2333357432,25.0791662673,195.83171,0.7601874338849802,Taiwan,POINT (121.2333357432 25.0791662673),20.14935
121.2375024099,25.0791662673,257.60977,1.0,Taiwan,POINT (121.2375024099 25.0791662673),4.554210000000012
121.2416690766,25.0791662673,219.42119,0.8517580292082865,Taiwan,POINT (121.2416690766 25.0791662673),10.02673999999999
121.2458357433,25.0791662673,86.47675,0.3356889375740678,Taiwan,POINT (121.2458357433 25.0791662673),4.313289999999995
121.2333357432,25.083332934,117.625626,0.4566039013194258,Taiwan,POINT (121.2333357432 25.083332934),19.569835999999995
121.2375024099,25.083332934,216.55983,0.8406506865015251,Taiwan,POINT (121.2375024099 25.083332934),63.13986
121.2416690766,25.083332934,191.10382,0.7418345197078511,Taiwan,POINT (121.2416690766 25.083332934),41.97919000000002
121.2458357433,25.083332934,91.142525,0.3538007312377942,Taiwan,POINT (121.2458357433 25.083332934),11.475755000000007
121.5541690791,25.083332934,81.63471,0.316892911320871,Taiwan,POINT (121.5541690791 25.083332934),5.439610000000002
121.2416690766,25.0874996007,112.483055,0.4366412617037,Taiwan,POINT (121.2416690766 25.0874996007),7.963414999999998
121.2458357433,25.0874996007,88.70336,0.3443322821180268,Taiwan,POINT (121.2458357433 25.0874996007),4.785089999999997
121.2458357433,25.0916662674,86.20393,0.3346298938895058,Taiwan,POINT (121.2458357433 25.0916662674),5.507769999999994
121.25000241,25.0916662674,83.00973,0.3222305194403146,Taiwan,POINT (121.25000241 25.0916662674),4.154893999999999
121.2375024099,25.0958329341,99.60903,0.3866663519788088,Taiwan,POINT (121.2375024099 25.0958329341),-12.076709999999991
121.2416690766,25.0958329341,115.25821,0.4474139703630029,Taiwan,POINT (121.2416690766 25.0958329341),8.031800000000004
121.2416690766,25.0999996008,84.035095,0.3262108226718264,Taiwan,POINT (121.2416690766 25.0999996008),-9.148655000000005
139.70416922430005,35.6916663522,356.51028,0.5005674286212043,Japan,POINT (139.70416922430005 35.6916663522),27.56286
139.70416922430005,35.695833018900004,410.80008,0.5764750410684207,Japan,POINT (139.70416922430005 35.695833018900004),16.466610000000003
141.50416923870006,40.5333330576,713.7089,1.0,Japan,POINT (141.50416923870006 40.5333330576),167.49869999999999
141.50833590540006,40.5333330576,374.64703,0.525926103548208,Japan,POINT (141.50833590540006 40.5333330576),-76.82715000000002
141.50416923870006,40.537499724300005,466.88937,0.65489868764217,Japan,POINT (141.50416923870006 40.537499724300005),60.85156999999998
